Images,Color_Balance_and_fusion,Integrated_Color_Model,Low_Complexity_Enhancement_Based_on_Dark_Channel,Wavelength_Compensation_and_Dehazing
Valentine1.png,0.5589179244009028,0.5958519198696195,0.5906725523331691,0.6117534258798307
Valentine2.png,0.6351056117339433,0.5900496874913629,0.6043306287717161,0.6796261125937788
Valentine.png,0.6483710466251702,0.6087980492265627,0.7000020820435982,0.6614480065465995
